{"cameraMode":{"drawMode":0,"name":"Shaded","section":"Shading Mode"},"sceneLighting":false,"audioPlay":false,"sceneViewState":{"showFog":true,"showMaterialUpdate":false,"showSkybox":false,"showFlares":true,"showImageEffects":true,"showParticleSystems":true,"showVisualEffectGraphs":true,"m_FxEnabled":true},"in2DMode":false,"pivot":{"x":0.12675398588180543,"y":-0.29409727454185488,"z":-2.8524985313415529},"rotation":{"x":-0.024193499237298967,"y":0.9753017425537109,"z":-0.1492505967617035,"w":-0.1600150316953659},"size":0.7787651419639587,"orthographic":false}